site_id,site_name,site_type,website_name,diagram_name,source_diagram_group,operational_group,address,latitude,longitude,phone,email_display,email_mailto,active,notes
EL-SITE-001,Head Office,Head Office,Head Office,Emerald Life HQ,Head Office,Head Office,"86 Edward Street, Sterling Place, 3rd Floor, Bellville, 7530",-33.88178204794544,18.635543618367677,0861 666 333,info@emeraldlife.co.za,info@emeraldlife.co.za,1,
EL-SITE-002,Bellville,Branch,Bellville,Bellville,Western Cape,Western Cape,"Nobel Park Shopping Centre, 1st Floor, c/o Du Toit & Old Paarl Road Bellvile, 7530",-33.90108434167573,18.640679613946443,021 910 2036,0861 666 333,0861 666 333,1,Bellville source email/display field is '0861 666 333'; preserved verbatim.
EL-SITE-003,Bloemfontein,Branch,Bloemfontein,Bloemfontein,Free State,Free State,"Arboretum Laan 1 Westdene, Bloemfontein, 9301",-29.107117716355145,26.212937174398924,051 430 1913,info@emeraldlife.co.za,info@emeraldlife.co.za,1,
EL-SITE-004,Butterworth,Branch,Butterworth,Butterworth,Northern Cape,Eastern Cape,"No 24 Scanlen Street, Office No 4, Butterworth, 4960",-32.33089345982767,28.14044387890132,047 531 2384,info@emeraldlife.co.za,info@emeraldlife.co.za,1,Source network diagram places Butterworth under Northern Cape; confirmed on 2026-09-29 that this diagram grouping is incorrect. Curated operational group is Eastern Cape.
EL-SITE-005,Centurion,Branch,Centurion,Centurion,Gauteng,Gauteng,"63 Jean Ave, Doringkloof, Centurion, 0157",-25.855020322334713,28.204152327612405,012 341 0339,info@emeraldlife.co.za,info@emeraldlife.co.za,1,
EL-SITE-006,Durban,Branch,Durban,Durban,KwaZulu-Natal,KwaZulu-Natal,"13 Brand road, Suite 6, Second floor, Glenwood, Durban, 4001",-29.851847,30.993368,031 303 3167,info@emeraldlife.co.za,info@emeraldlife.co.za,1,
EL-SITE-007,East London,Branch,East London,East London,Eastern Cape,Eastern Cape,"57 Western Avenue, Unit A, Vincent East London, 5247",-33.0191604,27.8998573,043 722 8447,info@emeraldlife.co.za,info@emeraldlife.co.za,1,
EL-SITE-008,George,Branch,George,George,Western Cape,Western Cape,"142 Merriman Street, George, 6529",-33.95806,22.46446,044 873 0012,info@emeraldlife.co.za,info@emeraldlife.co.za,1,
EL-SITE-009,Giyani,Branch,Giyani,Giyani,Limpopo,Limpopo,"193 Church Street, 16 Gimbo Complex, Giyani E, 0826",-23.29654214731406,30.705720115577385,012 013 7207,info@emeraldlife.co.za,info@emeraldlife.co.za,1,
EL-SITE-010,Gqeberha,Branch,Gqeberha,Port Elizabeth,Eastern Cape,Eastern Cape,"180 Cape Road, Mill Park, Port Elizabeth, 6001",-33.9555877484363,25.586819001865265,041 373 1890,info@emeraldlife.co.za,info@emeraldlife.co.za,1,
EL-SITE-011,Johannesburg,Branch,Johannesburg,Soweto,Gauteng,Gauteng,"Maponya Mall, Shop 174, 2127 Chris Hani road, Klipspruit Ext 5,  Soweto,  Gauteng 1837",-26.25708635,27.9028084979692,012 341 0448,info@emeraldlife.co.za,info@emeraldlife.co.za,1,
EL-SITE-012,Kimberley,Branch,Kimberley,Kimberley,Northern Cape,Northern Cape,"2 Dalham Road, Kimberley, 8301",-28.74877,24.76686,053 831 3352,info@emeraldlife.co.za,info@emeraldlife.co.za,1,
EL-SITE-013,Klerksdorp,Branch,Klerksdorp,Klerksdorp,North West,North West,"1st Floor, Jacobs Building, c/o Siddle & Boom Street, Klerksdorp, 2571",-26.86884,26.6677,018 462 6971,info@emeraldlife.co.za,info@emeraldlife.co.za,1,
EL-SITE-014,Kokstad,Branch,Kokstad,Kokstad,KwaZulu-Natal,KwaZulu-Natal,"Shop 2, 74 Hope Street, Kokstad 4700",-30.54946,29.42449,039 727 1780,info@emeraldlife.co.za,info@emeraldlife.co.za,1,
EL-SITE-015,Komani,Branch,Komani,Queenstown,Eastern Cape,Eastern Cape,"79 Livingstone Road, Top Town, Komani, 5319",-31.895262511967353,26.885278076255492,045 838 1921,info@emeraldlife.co.za,info@emeraldlife.co.za,1,
EL-SITE-016,Kwanobuhle,Branch,Kwanobuhle,Kwanobuhle,Eastern Cape,Eastern Cape,"Shop 42A, Kwanobuhle Shopping Centre, c/o Mtanzima & Bereng Road, Kwabuhle, 6242",-33.80502976827855,25.398200203248003,041 978 0033,info@emeraldlife.co.za,info@emeraldlife.co.za,1,
EL-SITE-017,Mahikeng,Branch,Mahikeng,Mafikeng,North West,North West,"(Suites 1, 2, 3), 69 Carrington Street, Mahikeng, 2745",-25.860217320514483,25.639236379209702,018 492 0670,info@emeraldlife.co.za,info@emeraldlife.co.za,1,
EL-SITE-018,Makhanda,Branch,Makhanda,Grahamstown,Eastern Cape,Eastern Cape,"17 Spring Street, Makhanda, 6139",-33.307664776085154,26.530953268562204,046 622 2320,info@emeraldlife.co.za,info@emeraldlife.co.za,1,
EL-SITE-019,Mbombela,Branch,Mbombela,Nelspruit,Mpumalanga,Mpumalanga,"Unit 3A, 21 Van Rensburg Street, Sonheuwel Mbombela, 1201",-25.47698768143523,30.97405849787326,013 492 0075,info@emeraldlife.co.za,info@emeraldlife.co.za,1,
EL-SITE-020,Mthatha,Branch,Mthatha,Mthatha,Eastern Cape,Eastern Cape,"Unit 2, 26 Sprigg Street, Mthatha, 5100",-31.583598,28.775837,047 531 2417,info@emeraldlife.co.za,info@emeraldlife.co.za,1,
EL-SITE-021,Newcastle,Branch,Newcastle,Newcastle,KwaZulu-Natal,KwaZulu-Natal,"60 York Street, Newcastle Central, 2940",-27.76506306619791,29.93030458225078,034 312 2702,info@emeraldlife.co.za,info@emeraldlife.co.za,1,
EL-SITE-022,Polokwane,Branch,Polokwane,Polokwane,Limpopo,Limpopo,"Office 3, 98 Marshall Street, Polokwane Central, Polokwane, 0699",-23.91847022099085,29.450359046507117,015 495 1708,info@emeraldlife.co.za,info@emeraldlife.co.za,1,
EL-SITE-023,Vredenburg,Branch,Vredenburg,Vredenburg,Western Cape,Western Cape,"Unit B, 7 Velddrif Road, Vredenburg, 7380",-32.90539761406874,17.996395654148767,022 495 0035,info@emeraldlife.co.za,info@emeraldlife.co.za,1,
EL-SITE-024,Worcester,Branch,Worcester,Worcester,Western Cape,Western Cape,"28 Porter Street, Worcester, 6850",-33.64468827228221,19.44046618391951,023 342 8720,info@emeraldlife.co.za,info@emeraldlife.co.za,1,
